antecedents_text,consequents_text,antecedent support,consequent support,support,confidence,lift,leverage,conviction
Toned Milk 1L,White Bread 400g,0.254,0.2546,0.2384,0.9385826771653544,3.6864991247657284,0.17373159999999999,12.136641025641035
White Bread 400g,Toned Milk 1L,0.2546,0.254,0.2384,0.9363707776904949,3.686499124765728,0.17373159999999999,11.72417283950618
Cola 750ml,Potato Chips 90g,0.2164,0.2184,0.1974,0.9121996303142328,4.176738234039528,0.15013823999999998,8.902012631578936
Potato Chips 90g,Cola 750ml,0.2184,0.2164,0.1974,0.9038461538461537,4.176738234039528,0.15013823999999998,8.149439999999991
Cooking Oil 1L,Toor Dal 1kg,0.1996,0.2068,0.1544,0.7735470941883767,3.740556548299694,0.11312272000000001,3.5027150442477875
Toor Dal 1kg,Cooking Oil 1L,0.2068,0.1996,0.1544,0.746615087040619,3.7405565482996943,0.11312272000000001,3.158830534351145
Basmati Rice 5kg,Toor Dal 1kg,0.1982,0.2068,0.1534,0.773965691220989,3.7425807119003336,0.11241224000000001,3.5092017857142874
Toor Dal 1kg,Basmati Rice 5kg,0.2068,0.1982,0.1534,0.741779497098646,3.742580711900333,0.11241224000000001,3.1050981273408236
Instant Coffee 100g,Choco Cookies 150g,0.177,0.1776,0.152,0.8587570621468926,4.835343818394666,0.1205648,5.822591999999998
Choco Cookies 150g,Instant Coffee 100g,0.1776,0.177,0.152,0.8558558558558558,4.835343818394666,0.1205648,5.709562499999996
Poha 500g,Ghee 500ml,0.1698,0.1706,0.1468,0.8645465253239105,5.067681860046369,0.11783212000000001,6.123135652173915
Ghee 500ml,Poha 500g,0.1706,0.1698,0.1468,0.8604923798358735,5.067681860046369,0.11783212000000001,5.950929411764709
Basmati Rice 5kg,Cooking Oil 1L,0.1982,0.1996,0.1462,0.7376387487386479,3.69558491352028,0.10663928,3.050755384615385
Cooking Oil 1L,Basmati Rice 5kg,0.1996,0.1982,0.1462,0.7324649298597194,3.69558491352028,0.10663928,2.996990262172285
Face Wash 100ml,Hand Sanitizer 200ml,0.157,0.1662,0.1318,0.8394904458598726,5.051085715161689,0.1057066,5.19470634920635
Hand Sanitizer 200ml,Face Wash 100ml,0.1662,0.157,0.1318,0.7930204572803852,5.051085715161689,0.1057066,4.072866279069769
"Basmati Rice 5kg, Cooking Oil 1L",Toor Dal 1kg,0.1462,0.2068,0.1098,0.7510259917920656,3.6316537320699496,0.07956584,3.185874725274725
"Basmati Rice 5kg, Toor Dal 1kg",Cooking Oil 1L,0.1534,0.1996,0.1098,0.7157757496740547,3.5860508500704142,0.07918135999999999,2.816086238532109
"Cooking Oil 1L, Toor Dal 1kg",Basmati Rice 5kg,0.1544,0.1982,0.1098,0.711139896373057,3.5879914045058374,0.07919791999999999,2.775738116591928
"Potato Chips 90g, White Bread 400g",Toned Milk 1L,0.058,0.254,0.055,0.9482758620689655,3.733369535704589,0.040268,14.422666666666668
"Potato Chips 90g, Toned Milk 1L",White Bread 400g,0.0584,0.2546,0.055,0.9417808219178082,3.6990605731257196,0.040131360000000005,12.803341176470587
"Cola 750ml, White Bread 400g",Toned Milk 1L,0.0568,0.254,0.0536,0.9436619718309859,3.7152046135078183,0.0391728,13.241499999999991
"Cola 750ml, Toned Milk 1L",White Bread 400g,0.057,0.2546,0.0536,0.9403508771929825,3.6934441366574333,0.039087800000000006,12.496411764705892
"Cola 750ml, Toned Milk 1L",Potato Chips 90g,0.057,0.2184,0.0518,0.9087719298245613,4.161043634727845,0.039351199999999996,8.567538461538456
"Potato Chips 90g, Toned Milk 1L",Cola 750ml,0.0584,0.2164,0.0518,0.886986301369863,4.098827640341326,0.03916224,6.933672727272726
"Cola 750ml, White Bread 400g",Potato Chips 90g,0.0568,0.2184,0.0514,0.9049295774647887,4.143450446267347,0.038994879999999996,8.221274074074074
"Potato Chips 90g, White Bread 400g",Cola 750ml,0.058,0.2164,0.0514,0.8862068965517241,4.095225954490407,0.0388488,6.886181818181818
"Toned Milk 1L, Toor Dal 1kg",White Bread 400g,0.0534,0.2546,0.0512,0.9588014981273408,3.7659131898167355,0.03760436,18.092890909090915
"Toor Dal 1kg, White Bread 400g",Toned Milk 1L,0.054,0.254,0.0512,0.9481481481481482,3.7328667249927094,0.037484,14.387142857142868
